기업명,종목코드,사업연도,보고서구분,매출액,영업이익,당기순이익,자산총계,부채총계,자본총계,부채비율,영업이익률,순이익률,매출성장률,영업이익성장률
CJ,1040,2022,사업보고서,40924879773000,2154201790000,686845690000,48240408307000,30506774819000,17733633488000,1.720277733248707,0.05263795036048523,0.016783083879775826,0.0,0.0
CJ,1040,2023,사업보고서,41352688159000,2039057889000,524667990000,47203762893000,29310944319000,17892818574000,1.6381401397313469,0.04930895619554105,0.012687639265013808,0.010453503794585206,-0.05345084269008982
CJ,1040,2024,사업보고서,43646656090000,2547483645000,151195776000,47496993224000,29750607288000,17746385936000,1.676431888458396,0.05836606680124713,0.003464086130406697,0.055473248127902997,0.2493434633429379
CJ대한통운,120,2022,사업보고서,12130712862374,411786887242,196821784424,9693299818264,5658991479602,4034308338662,1.402716650428072,0.03394581109237571,0.01622507981657738,0.0,0.0
CJ대한통운,120,2023,사업보고서,11767893663269,480234863157,242876054885,9357587266747,5314491023876,4043096242871,1.3144606768257843,0.04080890573101896,0.02063887232794144,-0.029909140808234036,0.16622184444346888
CJ대한통운,120,2024,사업보고서,12116761147160,530663067133,268320297629,9743855522383,5518255667581,4225599854802,1.3059106061143053,0.043795785085470634,0.022144556154091603,0.029645703290123837,0.10500737835752227
CJ제일제당,97950,2022,사업보고서,30079513121000,1664708210000,802674084000,30013241845000,18484219204000,11529022641000,1.6032772056727198,0.055343588950506804,0.026685075678289934,0.0,0.0
CJ제일제당,97950,2023,사업보고서,29023472909000,1291582413000,559462096000,29606279551000,17826337301000,11779942250000,1.5132788364051615,0.04450130475596834,0.01927619405693225,-0.03510828808138944,-0.22413885794436006
CJ제일제당,97950,2024,사업보고서,29359081823000,1553017638000,361835555000,30149997467000,17907211781000,12242785686000,1.4626746101973707,0.05289735037910351,0.012324484709073458,0.011563361664273186,0.20241466775066708
DB손해보험,5830,2023,사업보고서,0,2234997557489,1742379224712,60040428590956,49736681327747,10303747263209,4.827047874644491,0.0,0.0,0.0,0.0
DB손해보험,5830,2024,사업보고서,0,2424925603957,1853216681744,66506135383633,57114913448969,9391221934664,6.0817339688408145,0.0,0.0,0.0,0.08497908457733727
DB하이텍,990,2022,사업보고서,1675287533666,768746685740,558836662217,2122700474808,484416396415,1638284078393,0.2956852250497155,0.4588744739583695,0.3335765658054581,0.0,0.0
DB하이텍,990,2023,사업보고서,1154223638940,265437456373,264149250979,2043378694132,303296256385,1740082437747,0.17429993533967147,0.2299705597927008,0.2288544802475071,-0.31102953030741276,-0.6547140152968746
DB하이텍,990,2024,사업보고서,1131167709804,190838683363,229385888355,2396851168578,396162364261,2000688804317,0.1980129860307,0.16870945104688945,0.20278680726728507,-0.019975270266664902,-0.2810408675148385
DL,210,2022,사업보고서,5174950425108,287459456441,101846515303,12018993889708,7401228917375,4617764972333,1.6027729782089215,0.05554825318640628,0.01968067458363613,0.0,0.0
DL,210,2023,사업보고서,5017815821242,150696391721,-120978168525,12119563559885,7586162395568,4533401164317,1.6733931369850272,0.030032268438999803,-0.024109726788468636,-0.03036446554224148,-0.47576470926803593
DL,210,2024,사업보고서,5615368498981,412518392958,94839002886,12535315407584,7749224680441,4786090727143,1.6191136194918745,0.07346239040819105,0.01688918597296154,0.11908621181538215,1.7374138706767344
GS,78930,2022,사업보고서,28777048000000,5005127000000,2482704000000,33922242000000,17434432000000,16487810000000,1.0574134466615033,0.17392774269271816,0.08627375539005946,0.0,0.0
GS,78930,2023,사업보고서,25978494000000,3721802000000,1578711000000,34448425000000,16823230000000,17625195000000,0.9544989431322604,0.1432647327439381,0.060769919919145425,-0.09724951635066947,-0.2564020853017316
GS,78930,2024,사업보고서,25297467000000,3060163000000,863517000000,35063398000000,16593042000000,18470356000000,0.89836070295559,0.12096717034950574,0.03413452421936157,-0.026215030016751517,-0.1777738310635547
GS건설,6360,2022,사업보고서,12299196214752,554834830515,441211560543,16946616696898,11590413888307,5356202808591,2.16392364189734,0.045111470768269844,0.035873202836929984,0.0,0.0
GS건설,6360,2023,사업보고서,13436684904471,-387945401071,-419500544880,17707298538013,12822138677201,4885159860812,2.6247121982758888,-0.028872106760642488,-0.03122053898431547,0.09248479899480455,-1.6992088090628834
GS건설,6360,2024,사업보고서,12863811468386,285954335787,263924031753,17803293924556,12716169965113,5087123959443,2.4996776305221626,0.02222936308494252,0.020516783256783386,-0.04263502792228002,-1.7370994346048865
HD현대,267250,2022,사업보고서,60849668073000,3387008264000,2234955013000,65570861076000,42307197037000,23263664039000,1.8185955989595952,0.05566190204910701,0.03672912414770733,0.0,0.0
HD현대,267250,2023,사업보고서,61331302785000,2031563587000,785832206000,67982820888000,44750983788000,23231837100000,1.9262783048698289,0.0331244159955602,0.012812905813443663,0.007915157588406219,-0.4001893622188103
HD현대,267250,2024,사업보고서,67765626088000,2983162778000,1930179481000,73866670219000,47481568074000,26385102145000,1.7995597596349575,0.04402176959342313,0.02848316458396594,0.10491091841886746,0.4684072884005672
HMM,11200,2022,사업보고서,18582770000000,9951555000000,10085439000000,25973455000000,5285543000000,20687912000000,0.2554894375034078,0.5355259199785608,0.5427306585616676,0.0,0.0
HMM,11200,2023,사업보고서,8400969000000,584770000000,968692000000,25713363000000,4272550000000,21440813000000,0.1992718279852541,0.06960744647432933,0.11530717468425368,-0.5479162148592487,-0.9412383290852535
HMM,11200,2024,사업보고서,11700224000000,3512847000000,3782129000000,33848562000000,5993018000000,27855544000000,0.21514632778307974,0.30023758519495014,0.32325270011924556,0.3927231489605545,5.007228482993313
IBK기업은행,24110,2023,사업보고서,0,3432281000000,2675188000000,448427279000000,416610518000000,31816761000000,13.09405812866998,0.0,0.0,0.0,0.0
IBK기업은행,24110,2024,사업보고서,0,3594087000000,2654338000000,472219838000000,437988747000000,34231091000000,12.795056605119598,0.0,0.0,0.0,0.0471424105427265
JW중외제약,1060,2022,사업보고서,684351099249,62960870729,29852560173,627972755001,402213719428,225759035573,1.781606297205955,0.09200083231851695,0.04362170266952139,0.0,0.0
JW중외제약,1060,2023,사업보고서,748526707817,100303770111,38430259560,645038796101,379598339300,265440456801,1.4300696430182225,0.13400159147764476,0.05134120019855783,0.09377585370787833,0.5931128167323729
JW중외제약,1060,2024,사업보고서,719375756340,82488136816,65040120873,604598517283,275111775158,329486742125,0.8349706983160757,0.11466627293040643,0.09041188877966574,-0.03894443734949116,-0.1776167862412802
KB금융,105560,2023,사업보고서,0,6435319000000,4563431000000,715738152000000,656864842000000,58873310000000,11.157260259360312,0.0,0.0,0.0,0.0
KB금융,105560,2024,사업보고서,0,8045261000000,5028606000000,757845532000000,698030351000000,59815181000000,11.669785819088302,0.0,0.0,0.0,0.2501728352549424
KCC,2380,2022,사업보고서,6774793651227,467661528938,28661656966,13118486307658,7567347802320,5551138505338,1.3632064476581163,0.06902963440861415,0.004230631727183161,0.0,0.0
KCC,2380,2023,사업보고서,6288442613717,312530203929,92502625102,13353471078397,7905941668878,5447529409519,1.4512893964488152,0.049699142240286466,0.014709941838416991,-0.07178831748210013,-0.3317170975369378
KCC,2380,2024,사업보고서,6658762417820,471118235184,293294512467,13108550142754,8069234736205,5039315406549,1.6012561400142515,0.07075162104045132,0.044046399925922144,0.058888953410375366,0.5074326553443382
KT,30200,2022,사업보고서,25650011000000,1690088000000,1387663000000,40980681000000,22565958000000,18414723000000,1.225430216897642,0.06589034211330358,0.05409989882655411,0.0,0.0
KT,30200,2023,사업보고서,26376273000000,1649774000000,988718000000,42709982000000,24148845000000,18561137000000,1.3010434112953317,0.06254765409806003,0.03748512915376634,0.028314295849619642,-0.02385319580992229
KT,30200,2024,사업보고서,26431204000000,809471000000,417094000000,41879957000000,23883408000000,17996549000000,1.3271104365620319,0.03062558179339844,0.015780363240357875,0.002082591426013858,-0.5093443101903654
KT&G,33780,2022,사업보고서,5851406367817,1267649967727,1005327163465,12301715783797,2943135752405,9358580031392,0.31448528970556194,0.216640220836333,0.1718094933543404,0.0,0.0
KT&G,33780,2023,사업보고서,5862608000000,1167336000000,922361000000,12772452000000,3477517000000,9294935000000,0.3741303193621042,0.19911547898136803,0.15732946838676576,0.0019143487016402005,-0.07913380687168015
KT&G,33780,2024,사업보고서,5908792000000,1188814000000,1164999000000,13925237000000,4566772000000,9358465000000,0.4879830185826415,0.20119408501771596,0.19716365037049874,0.0078777226790534,0.018399158425680406
LG,3550,2022,사업보고서,7185987000000,1941380000000,2115750000000,29633677000000,3399491000000,26234186000000,0.12958248447274104,0.27016191373571924,0.2944271955960956,0.0,0.0
LG,3550,2023,사업보고서,7445336000000,1589013000000,1414258000000,30253085000000,3236596000000,27016489000000,0.11980076315615992,0.2134239475558927,0.189952206320843,0.036090936429470366,-0.18150336358672692
LG,3550,2024,사업보고서,7175505000000,966842000000,790478000000,31639273000000,3506640000000,28132633000000,0.12464670477164366,0.1347420146735317,0.11016339616514796,-0.03624161488480837,-0.3915455694824397
LG디스플레이,34220,2022,사업보고서,26151781000000,-2085047000000,-3195585000000,35686019000000,24366792000000,11319227000000,2.1526904619900282,-0.0797286808114522,-0.12219378098952419,0.0,0.0
LG디스플레이,34220,2023,사업보고서,21330819000000,-2510164000000,-2576729000000,35759298000000,26988754000000,8770544000000,3.0772041050133265,-0.11767780693277646,-0.12079840909999752,-0.1843454562425404,0.20388844951696528
LG디스플레이,34220,2024,사업보고서,26615347000000,-560596000000,-2409300000000,32859566000000,24786759000000,8072807000000,3.070401534435296,-0.02106288525939564,-0.09052296030557107,0.24774144865229974,-0.7766695721873152
LG생활건강,51900,2022,사업보고서,7185759184335,711122934369,258340046881,7302929652203,1834093663954,5468835988249,0.3353718538816952,0.09896281187925869,0.035951670554752645,0.0,0.0
LG생활건강,51900,2023,사업보고서,6804839370129,486981224742,163524219980,7220285811725,1671359345925,5548926465800,0.30120408987687614,0.07156395592226422,0.02403057751779085,-0.053010378504808164,-0.3151940386030264
LG생활건강,51900,2024,사업보고서,6811918756741,459045912180,203887730139,7405784092201,1719864001122,5685920091079,0.3024776946514608,0.06738863579747384,0.029931027867476392,0.0010403458813554867,-0.0573642496726644
LG엔솔,373220,2022,사업보고서,25598609000000,1213719000000,779826000000,38299445000000,17705683000000,20593762000000,0.8597595232964235,0.04741347469309758,0.030463608393721704,0.0,0.0
LG엔솔,373220,2023,사업보고서,33745470000000,2163234000000,1637985000000,45437144000000,21063635000000,24373509000000,0.8642019907761332,0.06410442646079607,0.048539403955553145,0.318254050444694,0.7823186421239183
LG엔솔,373220,2024,사업보고서,25619585000000,575387000000,338602000000,60306791000000,29340248000000,30966543000000,0.9474821906985226,0.0224588727725293,0.013216529463689595,-0.24079928357791436,-0.7340153677318311
LG이노텍,11070,2022,사업보고서,19589409483381,1271751532028,979848640817,9793617826430,5527824867091,4265792959339,1.295849310967862,0.06492036082593053,0.0500193046476603,0.0,0.0
LG이노텍,11070,2023,사업보고서,20605290000000,830824000000,565201000000,11204306000000,6489731000000,4714575000000,1.3765251374726248,0.040320907883363934,0.027429897856327184,0.051858659521147876,-0.3467088664126666
LG이노텍,11070,2024,사업보고서,21200755000000,706043000000,449274000000,11378212000000,6024347000000,5353865000000,1.1252332660610607,0.033302729077337105,0.021191415117055974,0.02889864690086874,-0.15018945047326504
LG전자,66570,2022,사업보고서,83467318000000,3550972000000,1863123000000,55156141000000,32664144000000,22491997000000,1.4522562847576408,0.04254326226224257,0.022321586995283593,0.0,0.0
LG전자,66570,2023,사업보고서,84227765000000,3549074000000,1150611000000,60240793000000,36742257000000,23498536000000,1.5635977066826632,0.04213662798722013,0.013660709149767894,0.00911071564561361,-0.0005345015392967944
LG전자,66570,2024,사업보고서,87728182000000,3419675000000,591365000000,65629589000000,40417925000000,25211664000000,1.6031438860997036,0.038980347273125986,0.00674087831889643,0.041558944369472384,-0.03645993292898375
LG화학,51910,2022,사업보고서,51864888000000,2995698000000,2195518000000,67973823000000,30492696000000,37481127000000,0.8135480024386673,0.05775965427709012,0.04233149023670889,0.0,0.0
LG화학,51910,2023,사업보고서,55249785000000,2529196000000,2053425000000,77466694000000,36528509000000,40938185000000,0.8922845260482359,0.04577748130603585,0.037166207977098915,0.06526374837635829,-0.15572397484659672
LG화학,51910,2024,사업보고서,48916104000000,916798000000,515011000000,93857762000000,45862299000000,47995463000000,0.9555548823437748,0.01874225306250882,0.010528455005329125,-0.1146372062805312,-0.6375140558501595
LS,10120,2022,사업보고서,3377070215838,187524016869,91209999630,3322804977898,1773513972232,1549291005666,1.1447261784558107,0.05552861056590943,0.02700861806255538,0.0,0.0
LS,10120,2023,사업보고서,4230482628448,324877723039,207672688149,3732891934230,2008849631067,1724042303163,1.1651974127209528,0.07679448223102267,0.04908959718980977,0.25270792671340137,0.7324592788877393
LS,10120,2024,사업보고서,4551837252467,389717122317,242237998768,4485197464384,2595105380936,1890092083448,1.373004735410499,0.08561754313728627,0.053217631767636706,0.07596169332029445,0.19958093362472984
LX인터내셔널,1120,2022,사업보고서,18759549404034,965543470335,779310807894,7719007333629,4682532060717,3036475272912,1.5420945800182395,0.05146943828658125,0.041542085639136896,0.0,0.0
LX인터내셔널,1120,2023,사업보고서,14514349869122,433109594096,193358801940,7995340730864,4920385836841,3074954894023,1.6001489473569483,0.02984009604297899,0.013321905816212534,-0.2262953892698043,-0.5514343917154445
LX인터내셔널,1120,2024,사업보고서,16637572685167,489185373375,269491720840,8930865616216,5611254021107,3319611595109,1.6903345046072336,0.029402448459992396,0.016197778722869934,0.14628438994446236,0.12947249389855497
NAVER,35420,2022,사업보고서,8220078708810,1304664410543,673180300087,33899042889136,10448720408685,23450322480451,0.44556830369370887,0.15871677836183068,0.0818946294717967,0.0,0.0
NAVER,35420,2023,사업보고서,9670643576585,1488820269608,985017762493,35737826964395,11499828148842,24237998815553,0.4744545222711542,0.15395255319023432,0.10185648500974326,0.1764660557593365,0.14115189896868152
NAVER,35420,2024,사업보고서,10737719264647,1979263438827,1931976372953,38167876036020,11166964187683,27000911848337,0.4135772988115132,0.18432810451131382,0.1799242767795078,0.11034174505672523,0.3294173106255005
NH투자증권,5940,2023,사업보고서,0,725757000000,553048000000,56697893000000,49084465000000,7613428000000,6.447091244574717,0.0,0.0,0.0,0.0
NH투자증권,5940,2024,사업보고서,0,901069000000,686638000000,62427065000000,54307696000000,8119369000000,6.688659672937638,0.0,0.0,0.0,0.2415574358910766
POSCO홀딩스,5490,2022,사업보고서,0,4850053015766,3560483538695,98406780635254,40149380046004,58257400589250,0.6891721848195987,0.0,0.0,0.0,0.0
POSCO홀딩스,5490,2023,사업보고서,77127197108585,3531422506439,1845849532200,100945394185079,41281496791611,59663897393468,0.691900774087388,0.045786993937653654,0.023932537436843263,0.0,-0.271879607303373
POSCO홀딩스,5490,2024,사업보고서,72688143160111,2173573272904,947580322052,103404198997805,41953831078121,61450367919684,0.6827270933992602,0.029902721109772268,0.013036243338404642,-0.05755497561028167,-0.3845048931582593
S-Oil,10950,2022,사업보고서,42446028000000,3405166000000,2104387000000,19613135000000,11129666000000,8483469000000,1.3119239311182724,0.08022343103576146,0.049577948730562024,0.0,0.0
S-Oil,10950,2023,사업보고서,35726694000000,1354582000000,948848000000,21576123000000,12538558000000,9037565000000,1.387382331413384,0.037915123072960515,0.026558516721418443,-0.1583030101191094,-0.6021979545196916
S-Oil,10950,2024,사업보고서,36637031000000,422177000000,-193042000000,24451433000000,15755786000000,8695647000000,1.8119164680902986,0.011523231781527275,-0.005269040496212698,0.025480583230007126,-0.6883341134017726
SK네트웍스,1740,2022,사업보고서,9666446000000,154211000000,90765000000,9499259000000,7048547000000,2450712000000,2.8761221228769434,0.015953226242612847,0.00938969710274076,0.0,0.0
SK네트웍스,1740,2023,사업보고서,9133867000000,237283000000,5459000000,9110359000000,6954518000000,2155841000000,3.2258956017628386,0.025978372577573114,0.0005976658079212232,-0.055095637010748266,0.5386904954899456
SK네트웍스,1740,2024,사업보고서,7657281000000,113915000000,46292000000,5157129000000,3103820000000,2053309000000,1.5116185630121914,0.014876690564183292,0.006045487948006609,-0.16166055406762547,-0.5199192525381084
SK바이오사이언스,302440,2022,사업보고서,456725871196,115013617843,122451949931,2141931383550,400229387487,1741701996063,0.2297921162125849,0.25182199016189055,0.2681081971781949,0.0,0.0
SK바이오사이언스,302440,2023,사업보고서,369505555858,-11987764772,22317719237,1852439180084,148583863708,1703855316376,0.08720450749540702,-0.03244271860585194,0.06039887325963954,-0.19096863313129497,-1.1042290904053116
SK바이오사이언스,302440,2024,사업보고서,267545049154,-138431298006,-50117070464,2843596036892,821143859318,2022452177574,0.4060139806633104,-0.5174130429388675,-0.18732198791371546,-0.2759376823637887,10.547715578248251
SK이노베이션,96770,2022,사업보고서,78056939448000,3917340789000,1895179127000,67218924277000,43976612895000,23242311382000,1.892092923643458,0.050185682614543904,0.024279444472230828,0.0,0.0
SK이노베이션,96770,2023,사업보고서,77288485864000,1903886320000,554894277000,80835513251000,50815545738000,30019967513000,1.692724874402165,0.024633505220300948,0.007179520607719173,-0.00984478240415676,-0.513985016226782
SK이노베이션,96770,2024,사업보고서,74716970174000,315488338000,-2372482956000,110530097549000,70881188555000,39648908994000,1.7877210332755014,0.004222445547046334,-0.031752933108435605,-0.03327165309623148,-0.834292449771896
SK텔레콤,17670,2022,사업보고서,17304973000000,1612070000000,947831000000,31308262000000,19153066000000,12155196000000,1.575710173657422,0.09315645855096104,0.05477217444950651,0.0,0.0
SK텔레콤,17670,2023,사업보고서,17608511000000,1753204000000,1145937000000,30119227000000,17890828000000,12228399000000,1.4630556297680506,0.09956571569282605,0.06507858614507496,0.01754050699761267,0.08754830745563158
SK텔레콤,17670,2024,사업보고서,17940609000000,1823409000000,1387095000000,30515255000000,18687621000000,11827634000000,1.5799965572150778,0.10163584747875616,0.07731593726835026,0.018860084194512572,0.040043828328021114
SK하이닉스,660,2022,사업보고서,44621568000000,6809417000000,2241669000000,103871512000000,40580970000000,63290542000000,0.6411853764816866,0.1526037139707865,0.05023734262319065,0.0,0.0
SK하이닉스,660,2023,사업보고서,32765719000000,-7730313000000,-9137547000000,100330165000000,46826413000000,53503752000000,0.875198677655354,-0.23592685391704665,-0.27887521711334945,-0.2656977226797588,-2.135238596784424
SK하이닉스,660,2024,사업보고서,66192960000000,23467319000000,19796902000000,119855209000000,45939505000000,73915704000000,0.6215121079006432,0.35452892573470046,0.2990786633503019,1.020189454716376,-4.035752756712439
강원랜드,35250,2022,사업보고서,1270685819109,217565214200,115612767888,4167752670696,752374769957,3415377900739,0.22029034321332508,0.17121873159216958,0.0909845424804278,0.0,0.0
강원랜드,35250,2023,사업보고서,1388572378274,282263014860,340880761170,4448655838228,770755021966,3677900816262,0.20956384102531336,0.20327569471809157,0.24549009220082277,0.092773962998707,0.29737198980957325
강원랜드,35250,2024,사업보고서,1426862781802,285790454716,456893167585,4700641154570,816978340813,3883662813757,0.21036284043996775,0.20029287914782684,0.32020820320786897,0.02757537462728088,0.012496996312993947
고려아연,10130,2022,사업보고서,11219358600107,919171130822,798264387415,12097918358974,2866186242426,9231732116548,0.31047112353794626,0.08192724411297753,0.07115062597316275,0.0,0.0
고려아연,10130,2023,사업보고서,9704521343024,659935424598,533378688122,12046071311650,2404068442780,9642002868870,0.24933289021741872,0.068002882498928,0.05496187491054508,-0.13501995177055426,-0.2820320368331952
고려아연,10130,2024,사업보고서,12052918410249,723472208523,194781564506,14792322181548,7196894404555,7595427776993,0.9475298318752788,0.0600246499559648,0.01616053124033186,0.2419899945825894,0.09627727434650657
금양,1570,2022,사업보고서,202836313078,7924631740,-33310343621,278599452437,160842410708,117757041729,1.3658835883305769,0.03906909773573241,-0.16422278198376947,0.0,0.0
금양,1570,2023,사업보고서,152030952048,-14608343494,-60356260825,703467371639,456932096288,246535275351,1.853414671135607,-0.0960879564142161,-0.3969998214965069,-0.25047468206771717,-2.8434097600098704
금양,1570,2024,사업보고서,153730068660,-56002221720,-186089905780,1256933888453,762397544483,494536343970,1.5416410821552262,-0.3642893170356826,-1.2104977731556814,0.011176122948066247,2.833577827835269
금호석유,11780,2022,사업보고서,7975625981021,1147745512728,1025704605758,7719272223622,2065857046026,5653415177596,0.36541753632615104,0.1439066369786151,0.12860490301310423,0.0,0.0
금호석유,11780,2023,사업보고서,6322528187782,358961881960,447043536116,7979694633685,2145675091381,0,0.0,0.056775054424221885,0.0707064520455427,-0.20726872062114665,-0.6872461029215375
금호석유,11780,2024,사업보고서,7155003786012,272804307588,348602013402,8340238952259,2298015880753,6042223071506,0.3803262232389293,0.038127765651407644,0.04872142962153498,0.131668151332045,-0.24001872817682834
기아,270,2022,사업보고서,86559029000000,7233120000000,5408976000000,73710965000000,34367884000000,39343081000000,0.8735432794396555,0.08356285974511105,0.06248887103389295,0.0,0.0
기아,270,2023,사업보고서,99808420000000,11607873000000,8777817000000,80627826000000,34069591000000,46558235000000,0.7317629416149474,0.11630154049127318,0.08794665820779449,0.1530676944169509,0.6048224002919902
기아,270,2024,사업보고서,107448752000000,12667139000000,9775005000000,92755874000000,36915565000000,55840309000000,0.6610917034860964,0.11789005236654587,0.09097364853525707,0.07654997444103406,0.09125409969595633
두산에너빌리티,34020,2022,사업보고서,15421058082388,1106120868237,-453149865549,23049781799921,12969491516052,10080290283869,1.2866188523168276,0.07172794903744463,-0.029385134478322923,0.0,0.0
두산에너빌리티,34020,2023,사업보고서,17589887709510,1467318338124,517521903042,24640833945624,13799325009099,10841508936525,1.27282328409186,0.08341828909633642,0.029421558090004234,0.14064077935086483,0.3265443047491705
두산에너빌리티,34020,2024,사업보고서,16233055000000,1017600000000,394689000000,26314835000000,14653743000000,11661092000000,1.2566355706652517,0.06268690643874489,0.024313907640921565,-0.07713708762202198,-0.30648995956731184
롯데쇼핑,23530,2022,사업보고서,15476035656554,386225594610,-318692441033,31703575873070,20668459087068,11035116786002,1.8729714861999336,0.024956365000776925,-0.020592640654587522,0.0,0.0
롯데쇼핑,23530,2023,사업보고서,14555863880290,508404731640,169180436381,30644698696537,19808248977726,10836449718811,1.827927918434471,0.03492782948653618,0.011622837213398659,-0.05945784803579934,0.31634137854942823
롯데쇼핑,23530,2024,사업보고서,13986578270060,473113964780,-994075271502,39003044584713,21969427278570,17033617306143,1.2897687486877465,0.03382628371606506,-0.07107351435840037,-0.03911039666981675,-0.06941470970610342
롯데케미칼,11170,2022,사업보고서,22276082763692,-762606983916,27820456953,26784587810580,9520345523797,17264242286783,0.5514487902597092,-0.03423433967299585,0.0012488935890624733,0.0,0.0
롯데케미칼,11170,2023,사업보고서,19946396629902,-347702499473,-39243085252,33476310224541,13243769644688,20232540579853,0.6545776884725875,-0.017431845256288193,-0.001967427299283219,-0.10458239711638972,-0.5440606933763684
롯데케미칼,11170,2024,사업보고서,20430375565357,-894081004428,-1825555752135,34552330375053,14564385612175,19987944762878,0.7286584881515312,-0.043762338169840535,-0.0893549776554536,0.024263978323255664,1.571396540959947
메리츠금융,138040,2023,사업보고서,58558358469900,2933502360678,2125376583433,102235842680189,92138657614258,10097185065931,9.125182614028127,0.050095365330055666,0.036295016441170905,0.0,0.0
메리츠금융,138040,2024,사업보고서,46574506350960,3188889251285,2333433638351,115578247112858,104648211084850,10930036028008,9.57437018658411,0.06846855718137462,0.05010109223203614,-0.20464802006189953,0.08705869612730566
미래에셋증권,6800,2023,사업보고서,20359463366897,521036811624,337857808122,128177312090956,116938445976567,11238866114389,10.40482596610453,0.02559187352998546,0.016594632286395728,0.0,0.0
미래에셋증권,6800,2024,사업보고서,22242327609027,1188076348199,925470295452,137176998056307,124913289504539,12263708551768,10.185604866362455,0.05341510875493183,0.04160851830437026,0.09248103489757975,1.2802157576850082
삼성SDI,6400,2022,사업보고서,20124069515854,1808013013202,2039361447986,30257525171127,13040023014999,17217502156128,0.7573701978807557,0.08984330986223359,0.10133941578662134,0.0,0.0
삼성SDI,6400,2023,사업보고서,22708300498633,1633368964768,2066046562201,34038860192967,14131610215445,19907249977522,0.7098725454998313,0.07192827859867039,0.09098199851307114,0.1284149302278601,-0.09659446428690499
삼성SDI,6400,2024,사업보고서,16592248884388,363304463263,575512415979,40597344536357,19030107423830,21567237112527,0.8823618586164035,0.02189603505796257,0.03468561856738491,-0.26933110272224803,-0.77757354823097
삼성SDS,18260,2022,사업보고서,17234749537662,916074023314,1130012585621,11952424889489,3485454954575,8466969934914,0.41165316298130944,0.05315273200298976,0.06556594182884153,0.0,0.0
삼성SDS,18260,2023,사업보고서,13276844204872,808230946594,701325761022,12321024561023,3345453419084,8975571141939,0.37272875075906076,0.060875230146740435,0.05282322743266395,-0.2296468146601749,-0.11772310312857215
삼성SDS,18260,2024,사업보고서,13828232033800,911096907001,789501325293,13238330251696,3532880772221,9705449479475,0.3640100110450634,0.06588672396977638,0.0570934392309329,0.04153003683854828,0.12727297914103852
삼성물산,28260,2022,사업보고서,43161653399535,2528524413589,2544956968509,58981492466950,27017371086433,31964121380517,0.8452405359372969,0.05858265878239597,0.058963379946339545,0.0,0.0
삼성물산,28260,2023,사업보고서,41895681215734,2870173816853,2719106116709,66127029212679,26229919730957,39897109481722,0.6574390995160607,0.06850762975003498,0.06490182371561093,-0.029330947359274218,0.13511809552950327
삼성물산,28260,2024,사업보고서,42103238027336,2983396694918,2772012091811,61990426835548,24731886937019,37258539898529,0.6637910933808611,0.07085907960287986,0.06583845380279874,0.004954133829050855,0.03944809105294644
삼성바이오,207940,2022,사업보고서,3001295197683,983627394377,798056210082,16582050258486,7597575863329,8984474395157,0.845633871183873,0.32773430455503355,0.26590393730616685,0.0,0.0
삼성바이오,207940,2023,사업보고서,3694588767068,1113680009715,857691298384,16046197209196,6215704796851,9830492412345,0.6322882451997421,0.3014354451683154,0.2321479743643182,0.23099812704868983,0.13221735799699985
삼성바이오,207940,2024,사업보고서,4547322176421,1320052380133,1083315885986,17336296349511,6431620287493,10904676062018,0.5898038832987375,0.29029224869480347,0.23823161059562992,0.23080604178573383,0.18530670265942217
삼성생명,32830,2023,사업보고서,0,2398377000000,2033709000000,314655050000000,270317609000000,44337441000000,6.0968247806633675,0.0,0.0,0.0,0.0
삼성생명,32830,2024,사업보고서,0,2499751000000,2260255000000,312218844000000,279480913000000,32737931000000,8.536914351734689,0.0,0.0,0.0,0.042267750232761525
삼성엔지니어링,28050,2022,사업보고서,10054344625186,702942994188,595319035026,7848723222714,5271682815759,2577040406955,2.0456345199445116,0.06991435249067722,0.059210128279742244,0.0,0.0
삼성엔지니어링,28050,2023,사업보고서,10624917993595,993128866188,695607943011,7801398613122,4503060317148,3298338295974,1.365251200170856,0.09347167354954514,0.06546948818149298,0.05674893687050675,0.41281565418431443
삼성엔지니어링,28050,2024,사업보고서,9966551344477,971611686017,638672451980,10013337796132,6117596009939,3895741786193,1.5703289246788716,0.09748725034717472,0.06408158949925268,-0.061964398173697144,-0.02166605050318493
삼성전기,9150,2022,사업보고서,9424551868027,1182835924271,993519182170,10997170898641,3303686219356,7693484679285,0.42941350468290407,0.12550580025813185,0.10541818816240332,0.0,0.0
삼성전기,9150,2023,사업보고서,8909448483915,639423737120,450482125173,11657871601848,3627546626400,8030324975448,0.4517309869140912,0.07176917160185696,0.050562290806921935,-0.054655477663558716,-0.45941467958534765
삼성전기,9150,2024,사업보고서,10294102976435,735005856995,703215637082,12792402920884,3776548889114,9015854031770,0.4188786637190692,0.07140067072163128,0.06831247352894987,0.15541416452655143,0.14948165719575446
삼성전자,5930,2022,사업보고서,302231360000000,43376630000000,55654077000000,448424507000000,93674903000000,354749604000000,0.26405921794911996,0.1435212745626397,0.1841439518387503,0.0,0.0
삼성전자,5930,2023,사업보고서,258935494000000,6566976000000,15487100000000,455905980000000,92228115000000,363677865000000,0.2535983733846436,0.02536143615753196,0.059810649211343735,-0.14325404881875925,-0.8486056662308713
삼성전자,5930,2024,사업보고서,300870903000000,32725961000000,34451351000000,514531948000000,112339878000000,402192070000000,0.27931897811908624,0.10877077402197313,0.11450542626915305,0.1619531117661297,3.9834141315576606
삼성중공업,10140,2022,사업보고서,5944667452285,-854420950816,-627411807133,14491697984864,10919760587958,3571937396906,3.057097416493542,-0.14372897351685826,-0.10554195203834937,0.0,0.0
삼성중공업,10140,2023,사업보고서,8009429912108,233344768042,-155556375770,15593389152394,12184181554327,3409207598067,3.5739042589355243,0.0291337549117258,-0.019421653910079495,0.34733018733105925,-1.2731028163800855
삼성중공업,10140,2024,사업보고서,9903077919464,502698683088,53877228765,17194637128138,13445186022785,3749451105353,3.5859078155705606,0.050761862844678936,0.005440452877696441,0.23642731481966495,1.1543173532715278
삼성카드,29780,2023,사업보고서,4004222629932,810006981367,609438704418,28806533713375,20670643151573,8135890561802,2.54067369694249,0.202288198291501,0.1521990060848214,0.0,0.0
삼성카드,29780,2024,사업보고서,4383209688411,885421436897,664593152937,29494082851904,21007901917139,8486180934765,2.475542541295197,0.20200298407762982,0.15162248675762718,0.0946468499643427,0.0931034636303103
삼성화재,810,2023,사업보고서,0,2357283417485,1821614343047,85019029989421,68874631707984,16144398281437,4.266162820523127,0.0,0.0,0.0,0.0
삼성화재,810,2024,사업보고서,0,2649596688033,2076797712983,87269492540789,71667277794649,15602214746140,4.593404139138614,0.0,0.0,0.0,0.12400429595346263
셀트리온,68270,2022,사업보고서,2283967480394,647198174586,542566233270,5891652311251,1617448041462,4274204269789,0.37842085669477066,0.2833657572367685,0.23755427252248076,0.0,0.0
셀트리온,68270,2023,사업보고서,2176431531380,651481422157,539706505110,19917534297169,2791739989934,17125794307235,0.1630137522295591,0.2993346736453125,0.24797770907490518,-0.04708295977815291,0.00661813914067344
셀트리온,68270,2024,사업보고서,3557303554371,492015534847,418883310404,21055222437706,3475160069015,17580062368691,0.19767620820299503,0.13831137189359086,0.11775304075169561,0.6344660987866855,-0.24477426659692292
신세계,4170,2022,사업보고서,7812755198909,645448993543,547639875232,14348412322688,8096632950057,6251779372631,1.29509255964828,0.08261477252392763,0.07009561432418544,0.0,0.0
신세계,4170,2023,사업보고서,6357088542148,639780613579,311968012608,14751983355128,8411994526638,6339988828490,1.326815354758518,0.10064050694546788,0.04907403924605225,-0.18631924586146953,-0.008782072666788321
신세계,4170,2024,사업보고서,6570412728809,477024306786,186608863964,15071774121951,8697075677726,6374698444225,1.3643117009879737,0.07260187852346207,0.02840139145989784,0.033556900339934526,-0.2543939333868279
신한지주,55550,2023,사업보고서,0,6100850000000,4478000000000,691795333000000,635473468000000,56321865000000,11.282891076138903,0.0,0.0,0.0,0.0
신한지주,55550,2024,사업보고서,0,6458670000000,4558170000000,739764256000000,680943223000000,58821033000000,11.576526087190615,0.0,0.0,0.0,0.05865084373488938
쌍용C&E,3410,2022,사업보고서,1965042623424,220871335735,127780122708,3874346066243,2281205119386,1593140946857,1.4318915874244744,0.11240027727751851,0.06502664175566267,0.0,0.0
쌍용C&E,3410,2023,사업보고서,1869406412741,184113128233,219736463096,3639543304965,2060600860514,1578942444451,1.3050512814800372,0.09848748082716044,0.11754344138245114,-0.048668771630183794,-0.16642362115336806
쌍용C&E,3410,2024,사업보고서,1695728234643,190092114409,82665851717,3502828876196,2213498833505,1289330042691,1.7167821738529718,0.11210057751324752,0.048749469418608554,-0.09290552172833622,0.03247452386140237
아모레G,2790,2022,사업보고서,4494956806652,271900712401,149222412761,7651003801454,1117500460491,6533503340963,0.1710415380802862,0.060490172452518205,0.03319774119746126,0.0,0.0
아모레G,2790,2023,사업보고서,4021343038942,152001477210,234714547925,7631430777862,1106298749214,6525132028648,0.16954427042347892,0.037798684603139704,0.05836720360637338,-0.10536558816518726,-0.4409669769977368
아모레G,2790,2024,사업보고서,4259886701995,249277525878,652873028811,8540521424208,1548821316419,6991700107789,0.22152284745359124,0.05851740746092091,0.1532606556191377,0.05931940168818817,0.6399677848762402
아모레퍼시픽,90430,2022,사업보고서,4134932512111,214233255761,129264244958,5801783178159,1022508074100,4779275104059,0.21394626838526037,0.051810580978896764,0.03126151263155851,0.0,0.0
아모레퍼시픽,90430,2023,사업보고서,3673963593157,108171257062,173878928996,5886510888702,1013805677645,4872705211057,0.20805807733751303,0.029442658948356515,0.047327341326914886,-0.11148160643585991,-0.4950771920178604
아모레퍼시픽,90430,2024,사업보고서,3885110699186,220481343913,601641373835,6783507800768,1457499911662,5326007889106,0.2736571071633635,0.056750337631098845,0.15485823195747153,0.05747120260589278,1.0382618257512508
에스원,12750,2022,사업보고서,2467960276573,204138904290,151030832821,2075658595502,552669332935,1522989262567,0.36288458922124983,0.08271563615823933,0.06119662226926959,0.0,0.0
에스원,12750,2023,사업보고서,2620810541515,212609320684,189480545869,2179505358177,581598589518,1597906768659,0.36397529625967534,0.08112349874825286,0.07229845227937302,0.06193384326033291,0.04149339599651669
에스원,12750,2024,사업보고서,2804739466536,209247073877,176718837100,2322698505650,662027523939,1660670981711,0.39865062449450933,0.07460481673024379,0.06300722017444886,0.07018016835153484,-0.015814202294532897
엔씨소프트,36570,2022,사업보고서,2571792281800,559006120606,435990309263,4437632450781,1239083608249,3198548842532,0.3873893034780517,0.21736052501672143,0.16952780842698928,0.0,0.0
엔씨소프트,36570,2023,사업보고서,1779832977766,137283512800,213914315973,4393800423903,1140771883353,3253028540550,0.35067994920208295,0.07713280656947637,0.12018785956056376,-0.3079406177701517,-0.7544150095330343
엔씨소프트,36570,2024,사업보고서,1578123132867,-109215374026,94115833907,3953941191414,890352556840,3063588634574,0.29062405663474655,-0.06920586344082466,0.05963782669861657,-0.11333077171779393,-1.7955461788416591
영풍,670,2022,사업보고서,4429488166601,68871997441,415564249162,5871933652466,1468547025489,4403386626977,0.3335039936062082,0.01554852273007638,0.09381766776022031,0.0,0.0
영풍,670,2023,사업보고서,3761732632263,-169812608768,-83369162564,5568116970055,1285348175271,4282768794784,0.30012084164721436,-0.04514212608083296,-0.02216243702409185,-0.15075230121912864,-3.4656263078978062
영풍,670,2024,사업보고서,2787414358375,-160701935806,-327809725720,5701707714763,1716406429617,3985301285146,0.430684233589662,-0.05765268996450374,-0.1176035147896367,-0.25900784801440424,-0.05365133383261966
오리온홀딩스,1800,2022,사업보고서,2934623360638,399824809538,323574721674,5102168431194,977214307936,4124954123258,0.23690307303688746,0.13624399468116968,0.11026107336774332,0.0,0.0
오리온홀딩스,1800,2023,사업보고서,2953806265859,405463095002,290412989562,5138300057884,818487035311,4319813022573,0.18947279223291164,0.13726800558603555,0.09831822517227434,0.006536752033770243,0.01410188995153927
오리온홀딩스,1800,2024,사업보고서,3195245858433,506240029274,479528618409,5933196336149,1054452244274,4878744091875,0.2161319028866613,0.15843539173610516,0.150075656038615,0.08173846584477551,0.248547735945001
우리금융,316140,2023,사업보고서,0,3499029000000,2626894000000,498004936000000,464607446000000,33397490000000,13.911448016003598,0.0,0.0,0.0,0.0
우리금융,316140,2024,사업보고서,0,4255190000000,3171469000000,525753320000000,489858051000000,35895269000000,13.646869480209217,0.0,0.0,0.0,0.21610595396608612
유한양행,100,2022,사업보고서,1775846942745,36028967211,90592526174,2472728072149,464921702703,2007806369446,0.23155704144482947,0.020288329103018605,0.051013701684204486,0.0,0.0
유한양행,100,2023,사업보고서,1858983759666,56759795062,134031517424,2814070521926,712337878463,2101732643463,0.3389288740785266,0.030532700873189943,0.07209934822027772,0.046815305373385296,0.5753933419626494
유한양행,100,2024,사업보고서,2067791451854,54880319609,55163455235,2942048836634,791378826075,2150670010559,0.36796850385676116,0.026540548641785816,0.026677475228722877,0.11232356985491698,-0.033112794909618826
카카오,35720,2022,사업보고서,0,569355650551,1066994242805,22963651561449,9447968971124,13515682590325,0.6990375001768085,0.0,0.0,0.0,0.0
카카오,35720,2023,사업보고서,7557001757272,460857845673,-1816669011014,25179968939321,11321369715195,13858599224126,0.8169202047120305,0.060984218407720066,-0.2403954728825945,0.0,-0.19056244506048214
카카오,35720,2024,사업보고서,7871692199887,460212161525,-161870567171,25773028304462,11830134144725,13942894159737,0.8484704831861212,0.05846419674941132,-0.020563630164975668,0.04164223493956154,-0.0014010484015024582
카카오뱅크,323410,2023,사업보고서,2494045000000,478485000000,354912000000,54488157000000,48370463000000,6117694000000,7.90664962974611,0.19185098905593123,0.14230376757436214,0.0,0.0
카카오뱅크,323410,2024,사업보고서,2945621000000,606880000000,440065000000,62805282000000,56265151000000,6540131000000,8.603061773533282,0.20602786305502302,0.1493963412129395,0.1810616889430623,0.2683365204760859
크래프톤,259960,2022,사업보고서,0,751606569542,500154032217,6030311640765,917461503208,5112850137557,0.17944228336924764,0.0,0.0,0.0,0.0
크래프톤,259960,2023,사업보고서,1910576180288,768045608970,594060314352,6440456619598,881636358567,5558820261031,0.1586013429409718,0.40199685147033754,0.3109325451039861,0.0,0.02187186766876903
크래프톤,259960,2024,사업보고서,2709774106588,1182487684188,1302592653712,7919463568015,1090331965788,6829131602227,0.15965894776906034,0.43637869345387026,0.48070156495522565,0.41830204654782666,0.5396060733604013
태광산업,3240,2022,사업보고서,2703851289364,-122074282364,-26229443634,4910005420529,702185269043,4207820151486,0.16687625510682103,-0.04514829748374006,-0.009700771539166153,0.0,0.0
태광산업,3240,2023,사업보고서,2265489918200,-99370075160,-14694447321,4738292443387,708793032453,4029499410934,0.17590101403903877,-0.043862510427304185,-0.0064862117473800905,-0.16212480800566198,-0.1859868169144816
태광산업,3240,2024,사업보고서,2121863335311,-27164631033,218362415993,4722277800717,706711261253,4015566539464,0.17599291514848917,-0.01280225289769593,0.1029106881480634,-0.0633975820131284,-0.7266316746841435
포스코인터,47050,2022,사업보고서,37989588330000,902507009000,604912380000,12516336931000,8118209853000,4398127078000,1.8458333988593314,0.02375669357509987,0.015923109635865854,0.0,0.0
포스코인터,47050,2023,사업보고서,33132821374000,1163112035000,680419303000,16617748008000,9992986028000,6624761980000,1.508429443679424,0.03510452737697484,0.020536111166613143,-0.1278446850703212,0.2887567890345326
포스코인터,47050,2024,사업보고서,32340793124000,1116921237000,503409725000,17336325971000,9986863050000,7349462921000,1.3588561718522343,0.034535987807025555,0.015565781676096905,-0.023904642501152096,-0.03971311155764978
포스코퓨처엠,3670,2022,사업보고서,3301915805063,165871669943,121928567124,4637476140189,1986831501348,2650644638841,0.7495653971242053,0.050234978641387616,0.036926613009647474,0.0,0.0
포스코퓨처엠,3670,2023,사업보고서,4759871486264,35882185999,4435219953,6334593297871,3723127307788,2611465990083,1.4256847770281198,0.007538477898520692,0.0009317940549023483,0.44154841227793895,-0.7836750180948289
포스코퓨처엠,3670,2024,사업보고서,3699944235821,721245866,-231338259262,7932459834018,4611953968440,3320505865578,1.388931131322425,0.00019493425306718414,-0.062524796190791,-0.22267980417154742,-0.9798996118569783
하나금융,86790,2023,사업보고서,0,4693407000000,3468356000000,591925995000000,551744278000000,40181717000000,13.731227015510562,0.0,0.0,0.0,0.0
하나금융,86790,2024,사업보고서,0,4855182000000,3768529000000,637847513000000,594270586000000,43576927000000,13.637276120916006,0.0,0.0,0.0,0.034468564094271015
하이트진로,80,2022,사업보고서,2497554821448,190571249139,86816258840,3333438311387,2172409936540,1161028374847,1.8711083928730678,0.07630312956594605,0.03476050178937285,0.0,0.0
하이트진로,80,2023,사업보고서,2520181551629,123919983380,35511119931,3358347205530,2242471577188,1115875628342,2.009607092611144,0.049171054085329825,0.01409069910381903,0.009059552962237483,-0.3497446024000478
하이트진로,80,2024,사업보고서,2599183408023,208141871425,95735005249,3441538598928,2292042901576,1149495697352,1.993955181264265,0.08007971687666228,0.036832724059984015,0.0313476845915861,0.6796473478109983
한국금융지주,71050,2023,사업보고서,20893370651649,820404542965,708063414580,95901185591112,87456133489762,8445052101350,10.35590218274456,0.03926626089411044,0.033889381774984996,0.0,0.0
한국금융지주,71050,2024,사업보고서,21174133586717,1199724124887,1045868641939,109220199166181,99485650231644,9734548934537,10.219852085665826,0.05665989212609924,0.04939369243401281,0.013437895672704148,0.4623567545727041
한국앤컴퍼니,240,2022,사업보고서,1095895770449,245248895826,163859841867,4301818675789,445377543909,3856441131880,0.11548926294432509,0.22378852299568502,0.1495213744641654,0.0,0.0
한국앤컴퍼니,240,2023,사업보고서,1089668057103,256563452628,187234321156,4640995961705,624304502331,4016691459374,0.15542754743434978,0.2354510173585354,0.17182693384055198,-0.005682760636486872,0.046134995894242525
한국앤컴퍼니,240,2024,사업보고서,1390995724547,418268299588,350713050064,5136426181879,683552763446,4452873418433,0.15350824045803382,0.3006970418433283,0.25213093316891055,0.2765316148159027,0.6302723373249164
한국전력,15760,2022,사업보고서,71257863000000,-32655153000000,-24429108000000,234804994000000,192804738000000,42000256000000,4.590561019437596,-0.45826736342065155,-0.34282684003588487,0.0,0.0
한국전력,15760,2023,사업보고서,88219461000000,-4541648000000,-4716144000000,239714965000000,202450215000000,37264750000000,5.4327538759819936,-0.05148124856487164,-0.05345922483022199,0.2380312471621553,-0.8609209394915406
한국전력,15760,2024,사업보고서,93398896000000,8364710000000,3621968000000,246807795000000,205444962000000,41362833000000,4.966897746099741,0.08955898151087353,0.03877955902176831,0.05871079851644079,-2.8417785790532424
한국타이어,161390,2022,사업보고서,8394203036511,705818089039,705774525978,12581364159005,3705654911026,8875709247979,0.4175052164839422,0.08408399057885656,0.08407880091870532,0.0,0.0
한국타이어,161390,2023,사업보고서,8939621475507,1327945320791,728792952155,12763305688360,3133752512020,9629553176340,0.3254307291972478,0.14854603457532717,0.08152391621409981,0.0649756071688612,0.881427157242529
한국타이어,161390,2024,사업보고서,9411947926996,1762260288101,1131097818215,15849744509888,4654891700069,11194852809819,0.4158064227504802,0.18723651063201946,0.1201768036742646,0.05283517347832811,0.3270578694093347
한국항공우주,47810,2022,사업보고서,2786888282702,141617667318,115919395720,7772406693424,6319189867558,1453216825866,4.348415016315458,0.050815695841490996,0.04159456137495813,0.0,0.0
한국항공우주,47810,2023,사업보고서,3819344382446,247510483155,221401119895,7139576928721,5519636411444,1619940517277,3.4073080786460603,0.06480444243063736,0.057968357321370796,0.3704691379817322,0.7477373257336568
한국항공우주,47810,2024,사업보고서,3633742105840,240718310400,170895410977,8025538409393,6298361527272,1727176882121,3.646622180084714,0.06624529297583544,0.04703014303143417,-0.048595323705042714,-0.02744195990578102
한미반도체,42700,2022,사업보고서,327592058714,111859422080,92259257411,455432965985,65336210199,390096755786,0.1674871919079539,0.3414595046019031,0.2816284917686169,0.0,0.0
한미반도체,42700,2023,사업보고서,159008528366,34571410992,267167515858,723839103741,151940478614,571898625127,0.26567729303468596,0.21741859601659097,1.6802087196420283,-0.514614215649164,-0.6909387662733042
한미반도체,42700,2024,사업보고서,558917191547,255391604854,152614498001,710872366678,169984503289,540887863389,0.31426939814094,0.4569399702075971,0.27305386255625036,2.515013925922922,6.387364227427654
한미사이언스,8930,2022,사업보고서,1046054210838,67626014492,69035321647,1109690934182,384942964397,724747969785,0.5311404521922224,0.06464867096880611,0.0659959311207164,0.0,0.0
한미사이언스,8930,2023,사업보고서,1247906379068,124468680998,115119858471,1226170046397,438697577009,787472469388,0.5570957640588281,0.09974200235354158,0.09225039666595612,0.19296530346003293,0.8405443812266116
한미사이언스,8930,2024,사업보고서,1283432295647,98867912225,56693106363,1349078932369,510375220087,838703712282,0.6085286288984434,0.07703399124389262,0.04417304017927961,0.02846841491869978,-0.2056804054460203
한미약품,128940,2022,사업보고서,1331546600126,158090311455,101558192480,1924585730838,915359048755,1009226682083,0.9069905354322765,0.11872683347322611,0.0762708511068181,0.0,0.0
한미약품,128940,2023,사업보고서,1490887463726,220691065020,165366177835,1898668375968,798457731813,1100210644155,0.7257316915218933,0.14802664211050023,0.11091794777167133,0.11966600612019285,0.3959809616974481
한미약품,128940,2024,사업보고서,1495501575568,216186188006,140431062099,2020840493653,780088902015,1240751591638,0.6287228702927973,0.14455764643637453,0.0939023163821566,0.003094876007923908,-0.020412593566448867
한솔케미칼,14680,2022,사업보고서,885470791861,185990108464,166977755320,1253310602636,400814014226,852496588410,0.4701649480774607,0.2100465765483956,0.18857511377542077,0.0,0.0
한솔케미칼,14680,2023,사업보고서,771654641559,124144351473,108690123238,1350979663141,409492209835,941487453306,0.43494175986847466,0.16088071630358752,0.14085332658455818,-0.12853744171819814,-0.3325217534510486
한솔케미칼,14680,2024,사업보고서,776356975793,128825376120,124893890949,1464678817159,393235114115,1071443703044,0.3670142565566521,0.16593574880732276,0.16087173148850595,0.006093832630229112,0.037706303923284556
한전기술,52690,2022,사업보고서,505290773062,13940025562,17953974302,816503301678,273089488378,543413813300,0.5025442520859085,0.0275881260952484,0.03553196547247661,0.0,0.0
한전기술,52690,2023,사업보고서,545091772616,28562398334,32654447903,855008772803,307700361065,547308411738,0.562206526458976,0.05239924682209671,0.05990633053638847,0.07876850652310718,1.0489487775302258
한전기술,52690,2024,사업보고서,553362978026,54806059056,58512128400,946846882988,369373230109,577473652879,0.6396365068215433,0.09904178854087509,0.10573914541361093,0.015173968541673188,0.9188185255003662
한화,880,2022,사업보고서,62278395000000,2516091000000,2243337000000,211175324000000,190296497000000,20878827000000,9.114328932367705,0.04040070396804542,0.036021111334034864,0.0,0.0
한화,880,2023,사업보고서,53134813000000,2411920000000,1635515000000,209738149000000,176539410000000,3399738000000,51.92735734341882,0.045392462376784876,0.03078047908063589,-0.1468178812251022,-0.041401920677749726
한화,880,2024,사업보고서,55646829000000,2416109000000,1690434000000,252036985000000,212475211000000,39561774000000,5.370720003607523,0.04341862857989626,0.030377903474068577,0.047276274407891394,0.0017367906066536598
현대건설,720,2022,사업보고서,21239082000000,574902000000,470876000000,20911708000000,10987431000000,9924277000000,1.1071265947131463,0.027068119045823166,0.022170261407719976,0.0,0.0
현대건설,720,2023,사업보고서,29651357000000,785430000000,654281000000,23714495000000,13258980000000,10455515000000,1.2681326553498322,0.026488838268009116,0.022065802924297866,0.3960752635165681,0.3661980650615235
현대건설,720,2024,사업보고서,32670268000000,-1263420000000,-766221000000,27005385000000,17335972000000,9669413000000,1.792867054080739,-0.038671859073822104,-0.023453159306804583,0.10181358647430527,-2.608571101180245
현대그린푸드,5440,2022,사업보고서,3923177808000,60030394000,42329790000,3185133373000,989203509000,2195929864000,0.45047135849690323,0.015301471648210344,0.010789669005998823,0.0,0.0
현대그린푸드,5440,2023,사업보고서,2629493454000,-11033826000,1100908213000,5051682271000,1530728455000,3520953816000,0.4347482344255776,-0.004196179299558736,0.4186769171550103,-0.3297541985892065,-1.1838039910249465
현대그린푸드,5440,2024,사업보고서,7409277127000,198099994000,791959780000,10084911844000,3092722881000,6992188963000,0.44231111278106344,0.02673675050945358,0.10688759057398933,1.8177583464712441,-18.953880548777914
현대글로비스,86280,2022,사업보고서,26981880971123,1798516596130,1192805576043,13877784500296,6998172212338,6879612287958,1.0172335183172352,0.06665645727422927,0.04420765095360047,0.0,0.0
현대글로비스,86280,2023,사업보고서,25683197164064,1554032510087,1070090664293,14725019903938,6941096283685,7783923620253,0.8917220443459842,0.06050775143607925,0.04166500990734416,-0.04813170024910052,-0.1359365193343638
현대글로비스,86280,2024,사업보고서,28407374301315,1752867442226,1099486986046,16849145438725,8039781176784,8809364261941,0.9126403379093062,0.061704662445513606,0.038704280599249324,0.10606845868327786,0.1279477300818299
현대모비스,12330,2022,사업보고서,51906293000000,2026531000000,2487244000000,55406698000000,17599066000000,37807632000000,0.4654897720121694,0.03904210612767126,0.047917966324430065,0.0,0.0
현대모비스,12330,2023,사업보고서,59254361000000,2295284000000,3423309000000,58585845000000,17930546000000,40655299000000,0.44103835025293997,0.03873611935499566,0.05777311479234414,0.1415641066874107,0.1326172656623561
현대모비스,12330,2024,사업보고서,57236995000000,3073456000000,4060161000000,66596905000000,20478673000000,46118232000000,0.44404722626834436,0.053697018859917435,0.07093595671820298,-0.0340458654173994,0.339030812744741
현대미포조선,10620,2022,사업보고서,3716860942000,-109066121000,-43766777000,4748245499000,2572981743000,2175263756000,1.1828366725198174,-0.029343610832347357,-0.011775198933444522,0.0,0.0
현대미포조선,10620,2023,사업보고서,4039065705000,-152916345000,-138952719000,4909071433000,2893858196000,2015213237000,1.4360059485853804,-0.03785933583865777,-0.03440219326662328,0.0866873332168907,0.4020517425388219
현대미포조선,10620,2024,사업보고서,4630048754000,88527896000,113248354000,5108867288000,3002436522000,2106430766000,1.4253668197704248,0.01912029455921362,0.024459430130657323,0.14631677030369072,-1.5789302379676942
현대위아,11210,2022,사업보고서,8207614000000,212115000000,43482000000,7546451000000,3812800000000,3733651000000,1.0211988212074454,0.025843686118767282,0.005297763759358079,0.0,0.0
현대위아,11210,2023,사업보고서,8590316000000,229216000000,52548000000,6825905000000,3059151000000,3766754000000,0.8121451520327582,0.02668306963329405,0.00611712072058816,0.04662768010288976,0.08062136105414508
현대위아,11210,2024,사업보고서,8180886000000,218810000000,129472000000,7075991000000,3049692000000,4026299000000,0.7574430016250656,0.026746491761405793,0.015826158682568123,-0.04766180894858818,-0.0453982269998604
현대제철,4020,2022,사업보고서,27340601237802,1616457125289,1038192930309,36800955829773,17672412852352,19128542977421,0.9238765792675485,0.059122954584262546,0.037972571315423774,0.0,0.0
현대제철,4020,2023,사업보고서,25914760456167,798325068073,442983461011,35218841930044,15722841602022,19496000328022,0.8064649844831628,0.030805805418240732,0.017093866708136295,-0.05215103973878921,-0.5061266670278863
현대제철,4020,2024,사업보고서,23226141091217,159492008580,8814214272,34743788025637,15410222889378,19333565136259,0.7970709375518644,0.006866918096881455,0.0003794954244608937,-0.10374857099287527,-0.8002167100113963
현대차,5380,2022,사업보고서,142527535000000,9819769000000,3701958000000,255742462000000,164845917000000,90896545000000,1.8135553667083826,0.06889734674777052,0.025973633796445017,0.0,0.0
현대차,5380,2023,사업보고서,162663579000000,15126901000000,12272301000000,282463355000000,180653915000000,101809440000000,1.774431869971979,0.09299500904255893,0.07544590544143874,0.14127827300177476,0.540453853853385
현대차,5380,2024,사업보고서,175231153000000,14239592000000,13229908000000,339798429000000,219522496000000,120275933000000,1.8251572906110818,0.08126176057290452,0.0754997486091985,0.07726114276632257,-0.05865768540430061
현대해상,1450,2023,사업보고서,0,788215580227,607828606638,44087986399072,38032594522814,6055391876258,6.28078170661957,0.0,0.0,0.0,0.0
현대해상,1450,2024,사업보고서,0,1244069529604,850533055882,48523790593883,43780411936254,4743378657629,9.229794856423679,0.0,0.0,0.0,0.5783366388745039
효성,4800,2022,사업보고서,3719325523137,64887143335,24807189262,5267284720508,2369980096744,2897304623764,0.8179947932658416,0.017445943607611973,0.006669808573538573,0.0,0.0
효성,4800,2023,사업보고서,3436688023238,94366525424,-438141363,5088858301845,2312626241262,2776232060583,0.8330089815245328,0.02745856615029291,-0.00012748942005715993,-0.07599160066543853,0.4543177673395722
효성,4800,2024,사업보고서,2272756398560,221133379310,484258153404,4340864429768,1836425734781,2504438694987,0.7332683920180895,0.0972974399940567,0.21307085691665945,-0.3386782904959059,1.3433455700145944
